Input,Quota,Target Taxon,Target Gene ID,Target Gene Symbol,Target Transcript,Target Alias,CRISPR Mechanism,Target Domain,Reference Sequence,Strand of Target,PAM Policy,Initial Spacing Requirement,Off-Target Match Ruleset Version,Off-Target Tier Policy,Off-Target Match Bin Policy,Strand of sgRNA,Orientation,sgRNA Cut Position (1-based),sgRNA Sequence,sgRNA Context Sequence,PAM Sequence,Exon Number,Target Cut Length,Target Total Length,Target Cut %,Other Target Matches,# Off-Target Tier I Match Bin I Matches,# Off-Target Tier II Match Bin I Matches,# Off-Target Tier III Match Bin I Matches,# Off-Target Tier IV Match Bin I Matches,# Off-Target Tier I Match Bin II Matches,# Off-Target Tier II Match Bin II Matches,# Off-Target Tier III Match Bin II Matches,# Off-Target Tier IV Match Bin II Matches,# Off-Target Tier I Match Bin III Matches,# Off-Target Tier II Match Bin III Matches,# Off-Target Tier III Match Bin III Matches,# Off-Target Tier IV Match Bin III Matches,# Off-Target Tier I Match Bin IV Matches,# Off-Target Tier II Match Bin IV Matches,# Off-Target Tier III Match Bin IV Matches,# Off-Target Tier IV Match Bin IV Matches,On-Target Ruleset,On-Target Efficacy Score,On-Target Rank,Off-Target Rank,On-Target Rank Weight,Off-Target Rank Weight,Combined Rank,Pick Order,Picking Round,Picking Notes
Aadac,3,10029,ENSCGRG00001018575,Aadac,ENSCGRT00001023244.1,,CRISPRko,CDS,scaffold_7,-,SaurCas9,5,1,1,5.20.100,+,antisense,29046220,GGATATACTAAGGCCTGGACC,GGCAGGATATACTAAGGCCTGGACCTTGAGTTTGGT,TTGAG,5,638,1197,53.3,,0,0,0,0,0,9,0,18,3,18,0,32,0,4,0,4,Azimuth_2.0,0.8463,4,13,1.0,1.0,3,1,0,Preselected
Aadac,3,10029,ENSCGRG00001018575,Aadac,ENSCGRT00001023244.1,,CRISPRko,CDS,scaffold_7,-,SaurCas9,5,1,1,5.20.100,+,antisense,29047818,AGGATCTACACCATATCTTTC,TTTGAGGATCTACACCATATCTTTCAAGAATATCTT,AAGAA,4,519,1197,43.4,,0,0,0,0,0,10,0,33,7,44,0,103,1,4,0,7,Azimuth_2.0,0.6527,29,16,1.0,1.0,7,2,0,Preselected
Aadac,3,10029,ENSCGRG00001018575,Aadac,ENSCGRT00001023244.1,,CRISPRko,CDS,scaffold_7,-,SaurCas9,5,1,1,5.20.100,+,antisense,29051711,TGAATGAAAAACAGGCCTCTC,ACCATGAATGAAAAACAGGCCTCTCCTGAGTGACTC,CTGAG,2,311,1197,26.0,,0,0,0,0,0,34,0,35,3,47,0,102,1,9,0,24,Azimuth_2.0,0.8407,7,44,1.0,1.0,8,3,0,Preselected
B4galt1,3,10029,ENSCGRG00001014638,B4galt1,ENSCGRT00001017751.1,,CRISPRko,CDS,scaffold_2,+,SaurCas9,5,1,1,5.20.100,+,sense,102892889,GGAGTCTCCTCGAAGCCTCGC,TGTGGGAGTCTCCTCGAAGCCTCGCCCGGGTCCCGA,CCGGG,1,264,1182,22.3,,0,0,0,0,0,1,0,3,1,7,0,11,1,1,0,3,Azimuth_2.0,0.8109,7,10,1.0,1.0,1,1,0,Preselected
B4galt1,3,10029,ENSCGRG00001014638,B4galt1,ENSCGRT00001017751.1,,CRISPRko,CDS,scaffold_2,+,SaurCas9,5,1,1,5.20.100,-,antisense,102892742,GCGGCCCGAGAGGTAATAGAC,GGTCGCGGCCCGAGAGGTAATAGACCAGGGTGACGC,CAGGG,1,117,1182,9.9,,0,0,0,0,0,6,0,9,1,8,0,13,1,0,0,0,Azimuth_2.0,0.8150,6,22,1.0,1.0,2,2,0,Preselected
B4galt1,3,10029,ENSCGRG00001014638,B4galt1,ENSCGRT00001017751.1,,CRISPRko,CDS,scaffold_2,+,SaurCas9,5,1,1,5.20.100,-,antisense,102919221,AACGACCGCCCATCTTTATCT,GAATAACGACCGCCCATCTTTATCTCTGGGTTCTTC,CTGGG,2,466,1182,39.4,,0,0,0,0,0,7,0,12,2,10,0,19,0,1,0,0,Azimuth_2.0,0.7487,10,26,1.0,1.0,3,3,0,Preselected
Cers2,3,10029,ENSCGRG00001014039,Cers2,ENSCGRT00001016940.1,,CRISPRko,CDS,scaffold_15,-,SaurCas9,5,1,1,5.20.100,-,sense,44632950,CATTCGATACTTCTTTGAGCT,TTGTCATTCGATACTTCTTTGAGCTGTGAGTATGTC,GTGAG,2,170,1143,14.9,,0,0,0,0,0,9,0,15,3,14,0,27,1,0,0,1,Azimuth_2.0,0.7431,15,14,1.0,1.0,1,1,0,Preselected
Cers2,3,10029,ENSCGRG00001014039,Cers2,ENSCGRT00001016940.1,,CRISPRko,CDS,scaffold_15,-,SaurCas9,5,1,1,5.20.100,+,antisense,44632493,GACATTGGGAGGTGCTCGTAG,AGGTGACATTGGGAGGTGCTCGTAGTCGGGTTTTCT,TCGGG,3,228,1143,19.9,,0,0,0,0,1,3,0,4,1,20,0,47,0,10,0,18,Azimuth_2.0,0.8910,2,36,1.0,1.0,4,2,0,Preselected
Cers2,3,10029,ENSCGRG00001014039,Cers2,ENSCGRT00001016940.1,,CRISPRko,CDS,scaffold_15,-,SaurCas9,5,1,1,5.20.100,+,antisense,44632204,CAGCGTTCTATCTGGCGGCCA,GAACCAGCGTTCTATCTGGCGGCCAGAGAGCCCACT,GAGAG,4,332,1143,29.0,,0,0,0,0,0,6,0,5,1,5,0,10,0,1,0,1,Azimuth_2.0,0.5469,51,7,1.0,1.0,9,3,0,Preselected
Dcps,3,10029,ENSCGRG00001022394,Dcps,ENSCGRT00001028747.1,,CRISPRko,CDS,scaffold_30,-,SaurCas9,5,1,1,5.20.100,-,sense,18257660,CCGCTTACCGTTCTCCGGCTT,CTGTCCGCTTACCGTTCTCCGGCTTTAGAGTACAAA,TAGAG,1,134,1020,13.1,,0,0,0,0,0,2,0,4,1,7,0,10,0,0,0,2,Azimuth_2.0,0.7040,23,7,1.0,1.0,4,1,0,Preselected
Dcps,3,10029,ENSCGRG00001022394,Dcps,ENSCGRT00001028747.1,,CRISPRko,CDS,scaffold_30,-,SaurCas9,5,1,1,5.20.100,-,sense,18225360,GTCAGGACCTCCGCCTGATCC,ATGCGTCAGGACCTCCGCCTGATCCGAGAGACTGGA,GAGAG,3,448,1020,43.9,,0,0,0,0,0,5,0,11,3,35,0,76,1,5,0,5,Azimuth_2.0,0.6261,31,18,1.0,1.0,7,2,0,Preselected
Dcps,3,10029,ENSCGRG00001022394,Dcps,ENSCGRT00001028747.1,,CRISPRko,CDS,scaffold_30,-,SaurCas9,5,1,1,5.20.100,-,sense,18256143,CACGTGGCCCAACTCCTAACG,AGAACACGTGGCCCAACTCCTAACGGGGAGCCCTGA,GGGAG,2,291,1020,28.5,,0,0,0,0,0,4,0,2,0,9,0,25,0,3,0,5,Azimuth_2.0,0.5473,51,12,1.0,1.0,12,3,0,Preselected
Denr,3,10029,ENSCGRG00001022427,Denr,ENSCGRT00001028798.1,,CRISPRko,CDS,scaffold_22,-,SaurCas9,5,1,1,5.20.100,+,antisense,5439717,CTCCACAATAAAGGACTCGAA,TTGCCTCCACAATAAAGGACTCGAAGAGGGTATTCC,GAGGG,1,88,597,14.7,,0,0,0,0,0,5,0,12,3,33,0,67,0,4,0,13,Azimuth_2.0,0.7799,6,11,1.0,1.0,1,1,0,Preselected
Denr,3,10029,ENSCGRG00001022427,Denr,ENSCGRT00001028798.1,,CRISPRko,CDS,scaffold_22,-,SaurCas9,5,1,1,5.20.100,-,sense,5428381,AAATTCACCCAAACCAGAAAC,CAGAAAATTCACCCAAACCAGAAACTGGAGTTAGTG,TGGAG,4,230,597,38.5,,0,0,0,0,0,30,0,62,7,77,0,121,1,7,0,24,Azimuth_2.0,0.8709,3,27,1.0,1.0,4,2,0,Preselected
Denr,3,10029,ENSCGRG00001022427,Denr,ENSCGRT00001028798.1,,CRISPRko,CDS,scaffold_22,-,SaurCas9,5,1,1,5.20.100,-,sense,5439758,GGCTGATTGCAAAGGCGATAC,GTGGGGCTGATTGCAAAGGCGATACGAGGAACAGTG,GAGGA,1,47,597,7.9,,0,0,0,0,0,3,0,3,0,22,0,18,1,3,0,10,Azimuth_2.0,0.6247,28,7,1.0,1.0,6,3,0,Preselected
Elovl1,3,10029,ENSCGRG00001011104,Elovl1,ENSCGRT00001013095.1,,CRISPRko,CDS,scaffold_2,-,SaurCas9,5,1,1,5.20.100,+,antisense,33819713,AGAAGGATGGATGTAATTAAC,GGTCAGAAGGATGGATGTAATTAACAAGGGTGACCC,AAGGG,2,89,840,10.6,,0,0,0,0,0,10,0,24,1,43,0,59,0,8,0,19,Azimuth_2.0,0.7468,7,12,1.0,1.0,2,1,0,Preselected
Elovl1,3,10029,ENSCGRG00001011104,Elovl1,ENSCGRT00001013095.1,,CRISPRko,CDS,scaffold_2,-,SaurCas9,5,1,1,5.20.100,-,sense,33819327,TTCCAATAGTCCTGAGGCACT,ATTATTCCAATAGTCCTGAGGCACTTCGGGTAAGTA,TCGGG,3,311,840,37.0,,0,0,0,0,0,12,0,16,1,35,0,57,0,1,0,9,Azimuth_2.0,0.7209,10,17,1.0,1.0,5,2,0,Preselected
Elovl1,3,10029,ENSCGRG00001011104,Elovl1,ENSCGRT00001013095.1,,CRISPRko,CDS,scaffold_2,-,SaurCas9,5,1,1,5.20.100,-,sense,33819386,TAGTTCTTAATGTCTGGTTGG,TTCTTAGTTCTTAATGTCTGGTTGGCTGAGTACCTA,CTGAG,3,252,840,30.0,,0,0,0,0,0,18,0,81,1,58,0,118,0,8,0,8,Azimuth_2.0,0.7201,11,26,1.0,1.0,6,3,0,Preselected
Fut8,3,10029,ENSCGRG00001018667,Fut8,ENSCGRT00001023380.1,,CRISPRko,CDS,scaffold_1,-,SaurCas9,5,1,1,5.20.100,+,antisense,127004455,GTAGTCCAGCTGACCAAGAAA,TTGTGTAGTCCAGCTGACCAAGAAATAGAGTTATCA,TAGAG,10,1297,1728,75.1,,0,0,0,0,0,20,0,49,11,53,1,99,3,7,0,21,Azimuth_2.0,0.8867,4,52,1.0,1.0,2,1,0,Preselected
Fut8,3,10029,ENSCGRG00001018667,Fut8,ENSCGRT00001023380.1,,CRISPRko,CDS,scaffold_1,-,SaurCas9,5,1,1,5.20.100,-,sense,127016536,TTGGCTTCAAACATCCAGTTA,AAGCTTGGCTTCAAACATCCAGTTATTGGGTAAGAA,TTGGG,8,1075,1728,62.2,,0,0,0,0,0,15,0,40,2,38,0,84,0,8,0,14,Azimuth_2.0,0.7696,15,43,1.0,1.0,3,2,0,Preselected
Fut8,3,10029,ENSCGRG00001018667,Fut8,ENSCGRT00001023380.1,,CRISPRko,CDS,scaffold_1,-,SaurCas9,5,1,1,5.20.100,+,antisense,127052827,ATGAAGCAGTAAACCACATGA,AATCATGAAGCAGTAAACCACATGATGGAGTTGACA,TGGAG,7,677,1728,39.2,,0,0,0,0,0,22,0,43,3,61,0,125,1,12,0,23,Azimuth_2.0,0.9232,1,57,1.0,1.0,4,3,0,Preselected
Golph3,3,10029,ENSCGRG00001006205,Golph3,ENSCGRT00001007295.1,,CRISPRko,CDS,scaffold_0,+,SaurCas9,5,1,1,5.20.100,+,sense,108679382,TAGAAAAGGGTGTACTGACGA,CTGGTAGAAAAGGGTGTACTGACGACAGAGAAACAG,CAGAG,4,562,897,62.7,,0,0,0,0,0,4,0,5,0,26,0,33,1,2,0,5,Azimuth_2.0,0.6450,20,5,1.0,1.0,5,1,0,Preselected
Golph3,3,10029,ENSCGRG00001006205,Golph3,ENSCGRT00001007295.1,,CRISPRko,CDS,scaffold_0,+,SaurCas9,5,1,1,5.20.100,+,sense,108668338,GATTACGTGGCTGTATGTTAA,TCTGGATTACGTGGCTGTATGTTAATTGAATTAGCA,TTGAA,2,280,897,31.2,,0,0,0,0,0,7,0,22,2,23,0,36,1,1,0,3,Azimuth_2.0,0.6615,19,8,1.0,1.0,6,2,0,Preselected
Golph3,3,10029,ENSCGRG00001006205,Golph3,ENSCGRT00001007295.1,,CRISPRko,CDS,scaffold_0,+,SaurCas9,5,1,1,5.20.100,+,sense,108673786,GCCTCCAGAGACAGTCCAGAA,CTCAGCCTCCAGAGACAGTCCAGAACTGGATTGAGT,CTGGA,3,449,897,50.1,,0,0,0,0,0,28,0,45,6,89,0,133,2,18,0,34,Azimuth_2.0,0.6618,18,22,1.0,1.0,7,3,0,Preselected
Hsd17b12,3,10029,ENSCGRG00001024805,Hsd17b12,ENSCGRT00001032188.1,,CRISPRko,CDS,scaffold_3,+,SaurCas9,5,1,1,5.20.100,-,antisense,58575971,GAAGAGTGAGTAGGAGACACG,CTCTGAAGAGTGAGTAGGAGACACGCAGGGTCAGGT,CAGGG,1,75,939,8.0,,0,0,0,0,0,21,0,35,3,65,0,146,1,10,0,24,Azimuth_2.0,0.8518,5,25,1.0,1.0,1,1,0,Preselected
Hsd17b12,3,10029,ENSCGRG00001024805,Hsd17b12,ENSCGRT00001032188.1,,CRISPRko,CDS,scaffold_3,+,SaurCas9,5,1,1,5.20.100,-,antisense,58692741,TGACAATCACCCCTTTAGACC,ATGTTGACAATCACCCCTTTAGACCTAGAATTGAAA,TAGAA,8,538,939,57.3,,0,0,0,0,0,5,0,7,1,24,0,34,0,4,0,5,Azimuth_2.0,0.6611,21,10,1.0,1.0,3,2,0,Preselected
Hsd17b12,3,10029,ENSCGRG00001024805,Hsd17b12,ENSCGRT00001032188.1,,CRISPRko,CDS,scaffold_3,+,SaurCas9,5,1,1,5.20.100,+,sense,58625844,ATAAACTGGATCAGGTTTCCA,CAGGATAAACTGGATCAGGTTTCCAGTGAGATCAGT,GTGAG,3,271,939,28.9,,0,0,0,0,0,18,0,39,3,28,1,68,3,5,0,12,Azimuth_2.0,0.6470,23,20,1.0,1.0,6,3,0,Preselected
Mgat2,3,10029,ENSCGRG00001010693,Mgat2,ENSCGRT00001012524.1,,CRISPRko,CDS,scaffold_1,-,SaurCas9,5,1,1,5.20.100,-,sense,135124140,TCAGCATTCAGCTGTACCCGA,CCATTCAGCATTCAGCTGTACCCGAGTGAGTTTCCG,GTGAG,1,538,1329,40.5,,0,0,0,0,0,1,0,9,1,13,0,22,0,4,0,4,Azimuth_2.0,0.8572,3,7,1.0,1.0,1,1,0,Preselected
Mgat2,3,10029,ENSCGRG00001010693,Mgat2,ENSCGRT00001012524.1,,CRISPRko,CDS,scaffold_1,-,SaurCas9,5,1,1,5.20.100,-,sense,135124502,CGCCGTGTCCGTAGGCATCCG,ATCTCGCCGTGTCCGTAGGCATCCGCAGGGTTTCCA,CAGGG,1,176,1329,13.2,,0,0,0,0,0,0,0,0,0,1,0,2,0,0,0,0,Azimuth_2.0,0.8146,11,1,1.0,1.0,2,2,0,Preselected
Mgat2,3,10029,ENSCGRG00001010693,Mgat2,ENSCGRT00001012524.1,,CRISPRko,CDS,scaffold_1,-,SaurCas9,5,1,1,5.20.100,-,sense,135124314,TGGTCCAGGTGCATAACCGGC,CTGGTGGTCCAGGTGCATAACCGGCCGGAATACCTC,CGGAA,1,364,1329,27.4,,0,0,0,0,0,3,0,4,2,7,0,17,0,0,0,4,Azimuth_2.0,0.6721,31,11,1.0,1.0,5,3,0,Preselected
Mgat3,3,10029,ENSCGRG00001010541,Mgat3,ENSCGRT00001012333.1,,CRISPRko,CDS,scaffold_0,+,SaurCas9,5,1,1,5.20.100,+,sense,140666830,GTGTTGAATACGCCAGAGCGC,GCACGTGTTGAATACGCCAGAGCGCCTGGGTAGCCG,CTGGG,1,480,1614,29.7,,0,0,0,0,0,4,0,1,0,4,0,7,0,0,0,3,Azimuth_2.0,0.7878,16,22,1.0,1.0,1,1,0,Preselected
Mgat3,3,10029,ENSCGRG00001010541,Mgat3,ENSCGRT00001012333.1,,CRISPRko,CDS,scaffold_0,+,SaurCas9,5,1,1,5.20.100,+,sense,140666973,GGTACCCAGGGAAGTGCCGAG,GCCTGGTACCCAGGGAAGTGCCGAGGCGGGTTATCA,GCGGG,1,623,1614,38.6,,0,0,0,0,0,9,0,7,3,42,0,54,1,9,0,10,Azimuth_2.0,0.8025,12,37,1.0,1.0,3,2,0,Preselected
Mgat3,3,10029,ENSCGRG00001010541,Mgat3,ENSCGRT00001012333.1,,CRISPRko,CDS,scaffold_0,+,SaurCas9,5,1,1,5.20.100,+,sense,140667202,CACTTCCCACCCGGTGGCCGG,GGACCACTTCCCACCCGGTGGCCGGCAGGATGGCTG,CAGGA,1,852,1614,52.8,,0,0,0,0,0,3,0,4,2,6,0,17,0,4,0,4,Azimuth_2.0,0.5870,47,19,1.0,1.0,5,3,0,Preselected
Mgat4b,3,10029,ENSCGRG00001006474,Mgat4b,ENSCGRT00001007594.1,,CRISPRko,CDS,scaffold_4,+,SaurCas9,5,1,1,5.20.100,-,antisense,64152932,CGGCGATCAGCACCACGATGA,GCCTCGGCGATCAGCACCACGATGACTGAGTCTTCC,CTGAG,4,538,1647,32.7,,0,0,0,0,0,0,0,5,3,8,0,11,0,1,0,0,Azimuth_2.0,0.8750,4,4,1.0,1.0,1,1,0,Preselected
Mgat4b,3,10029,ENSCGRG00001006474,Mgat4b,ENSCGRT00001007594.1,,CRISPRko,CDS,scaffold_4,+,SaurCas9,5,1,1,5.20.100,+,sense,64152330,ACGTGGTGGACATTTACCAGA,GGTGACGTGGTGGACATTTACCAGAGGGAGTTTCTG,GGGAG,2,118,1647,7.2,,0,0,0,0,0,7,0,24,5,32,0,72,2,9,0,17,Azimuth_2.0,0.9027,3,51,1.0,1.0,7,2,0,Preselected
Mgat4b,3,10029,ENSCGRG00001006474,Mgat4b,ENSCGRT00001007594.1,,CRISPRko,CDS,scaffold_4,+,SaurCas9,5,1,1,5.20.100,-,antisense,64152592,ACGGCTTCAGTCGCGGATCCT,TTCCACGGCTTCAGTCGCGGATCCTCTGGGTGGTTG,CTGGG,3,286,1647,17.4,,0,0,0,0,0,1,0,5,0,2,0,17,1,0,0,2,Azimuth_2.0,0.6738,47,10,1.0,1.0,8,3,0,Preselected
Mpi,3,10029,ENSCGRG00001013299,Mpi,ENSCGRT00001015948.1,,CRISPRko,CDS,scaffold_5,+,SaurCas9,5,1,1,5.20.100,-,antisense,62865653,TGGCGAAACATCCAATATCAC,TAGATGGCGAAACATCCAATATCACCTGGGTACTGC,CTGGG,6,742,1272,58.3,,0,0,0,0,0,2,0,13,1,18,0,25,0,2,0,0,Azimuth_2.0,0.8499,8,2,1.0,1.0,1,1,0,Preselected
Mpi,3,10029,ENSCGRG00001013299,Mpi,ENSCGRT00001015948.1,,CRISPRko,CDS,scaffold_5,+,SaurCas9,5,1,1,5.20.100,+,sense,62861568,CAGGCACACCCTAACAAGGTA,TATCCAGGCACACCCTAACAAGGTAGAGGATCAGGG,GAGGA,3,345,1272,27.1,,0,0,0,0,0,9,0,11,3,20,0,28,0,4,0,8,Azimuth_2.0,0.7817,19,12,1.0,1.0,3,2,0,Preselected
Mpi,3,10029,ENSCGRG00001013299,Mpi,ENSCGRT00001015948.1,,CRISPRko,CDS,scaffold_5,+,SaurCas9,5,1,1,5.20.100,+,sense,62861387,GTGGATGGGGACACACCCCCG,AGCTGTGGATGGGGACACACCCCCGGGGAGATGCCA,GGGAG,3,164,1272,12.9,,0,0,0,0,0,4,0,4,3,11,0,22,1,9,0,10,Azimuth_2.0,0.6572,40,5,1.0,1.0,7,3,0,Preselected
Osbpl9,3,10029,ENSCGRG00001021068,Osbpl9,ENSCGRT00001026870.1,,CRISPRko,CDS,scaffold_2,+,SaurCas9,5,1,1,5.20.100,+,sense,41172489,GTTCTTCCCCAAAGCGCTTAA,AGTGGTTCTTCCCCAAAGCGCTTAATAGAGTAAGTA,TAGAG,12,961,2166,44.4,,0,0,0,0,0,4,0,3,0,23,0,36,0,10,0,9,Azimuth_2.0,0.8537,6,21,1.0,1.0,1,1,0,Preselected
Osbpl9,3,10029,ENSCGRG00001021068,Osbpl9,ENSCGRT00001026870.1,,CRISPRko,CDS,scaffold_2,+,SaurCas9,5,1,1,5.20.100,+,sense,41191462,TGTTTCAGAAGGACCGGTTCC,AACTTGTTTCAGAAGGACCGGTTCCGTGGGTTTCTA,GTGGG,17,1406,2166,64.9,,0,0,0,0,0,4,0,6,4,17,0,35,0,2,0,6,Azimuth_2.0,0.8000,16,22,1.0,1.0,3,2,0,Preselected
Osbpl9,3,10029,ENSCGRG00001021068,Osbpl9,ENSCGRT00001026870.1,,CRISPRko,CDS,scaffold_2,+,SaurCas9,5,1,1,5.20.100,+,sense,41128841,GCTCGAGATGCAGATGAACGA,TCTAGCTCGAGATGCAGATGAACGAGAGAAGTGGAT,GAGAA,4,258,2166,11.9,,0,0,0,0,0,3,0,16,4,19,0,55,0,0,0,2,Azimuth_2.0,0.7437,32,20,1.0,1.0,6,3,0,Preselected
Pik3r4,3,10029,ENSCGRG00001014556,Pik3r4,ENSCGRT00001017647.1,,CRISPRko,CDS,scaffold_5,-,SaurCas9,5,1,1,5.20.100,-,sense,17000176,CCTAAAACCAGTGACCACGAG,CCTGCCTAAAACCAGTGACCACGAGGTGGGTCAGAC,GTGGG,11,2643,4077,64.8,,0,0,0,0,0,3,0,20,3,33,0,82,0,9,0,10,Azimuth_2.0,0.9037,2,38,1.0,1.0,1,1,0,Preselected
Pik3r4,3,10029,ENSCGRG00001014556,Pik3r4,ENSCGRT00001017647.1,,CRISPRko,CDS,scaffold_5,-,SaurCas9,5,1,1,5.20.100,-,sense,17031051,ATAGCAATCAGCGAACACGGG,CTAAATAGCAATCAGCGAACACGGGGAGAATTGAAG,GAGAA,2,694,4077,17.0,,0,0,0,0,0,5,0,5,0,14,0,32,0,2,0,3,Azimuth_2.0,0.8328,14,51,1.0,1.0,6,2,0,Preselected
Pik3r4,3,10029,ENSCGRG00001014556,Pik3r4,ENSCGRT00001017647.1,,CRISPRko,CDS,scaffold_5,-,SaurCas9,5,1,1,5.20.100,+,antisense,17006842,GATGTGTACCTGGATTACTGG,GGAAGATGTGTACCTGGATTACTGGTTGGGTAATAT,TTGGG,8,2118,4077,51.9,,0,0,0,0,0,7,0,35,4,26,0,47,0,5,0,8,Azimuth_2.0,0.8724,5,72,1.0,1.0,7,3,0,Preselected
Rabif,3,10029,ENSCGRG00001004862,Rabif,ENSCGRT00001005757.1,,CRISPRko,CDS,scaffold_1,-,SaurCas9,5,1,1,5.20.100,-,sense,54424850,GTTGTGCCAGCGTTGCGGCTC,CGGTGTTGTGCCAGCGTTGCGGCTCTCGGGTGCTGC,TCGGG,1,80,372,21.5,,0,0,0,0,0,1,0,6,2,8,0,16,1,2,0,0,Azimuth_2.0,0.6224,7,2,1.0,1.0,1,1,0,Preselected
Rabif,3,10029,ENSCGRG00001004862,Rabif,ENSCGRT00001005757.1,,CRISPRko,CDS,scaffold_1,-,SaurCas9,5,1,1,5.20.100,+,antisense,54424811,AATTTCCATACCTGTCGGCGA,TACGAATTTCCATACCTGTCGGCGAGAGAAAAGAGC,GAGAA,1,119,372,32.0,,0,0,0,0,0,2,0,1,1,4,0,19,1,2,0,0,Azimuth_2.0,0.5336,14,3,1.0,1.0,2,2,0,Preselected
Rabif,3,10029,ENSCGRG00001004862,Rabif,ENSCGRT00001005757.1,,CRISPRko,CDS,scaffold_1,-,SaurCas9,5,1,1,5.20.100,+,antisense,54411679,GTTCCTGGAGGAGATCACCGT,CAGTGTTCCTGGAGGAGATCACCGTCAGGATTGCCG,CAGGA,2,184,372,49.5,,0,0,0,0,1,4,0,5,7,18,0,37,2,7,0,10,Azimuth_2.0,0.6960,5,18,1.0,1.0,7,3,0,Preselected
Slc10a7,3,10029,ENSCGRG00001018803,Slc10a7,ENSCGRT00001023577.1,,CRISPRko,CDS,scaffold_39,-,SaurCas9,5,1,1,5.20.100,+,antisense,4646639,TTTAATGACAGTCCGCTGTTA,TGTTTTTAATGACAGTCCGCTGTTAAAGAATATCGT,AAGAA,2,158,1023,15.4,,0,0,0,0,0,4,0,6,0,14,0,25,0,2,0,5,Azimuth_2.0,0.6740,23,8,1.0,1.0,4,1,0,Preselected
Slc10a7,3,10029,ENSCGRG00001018803,Slc10a7,ENSCGRT00001023577.1,,CRISPRko,CDS,scaffold_39,-,SaurCas9,5,1,1,5.20.100,-,sense,4655225,CAGCCGTCGGTCGGAGTGAAC,GCTGCAGCCGTCGGTCGGAGTGAACGGGGGTAAGTG,GGGGG,1,93,1023,9.1,,0,0,0,0,0,0,0,0,0,1,0,1,0,0,0,0,Azimuth_2.0,0.6084,31,1,1.0,1.0,5,2,0,Preselected
Slc10a7,3,10029,ENSCGRG00001018803,Slc10a7,ENSCGRT00001023577.1,,CRISPRko,CDS,scaffold_39,-,SaurCas9,5,1,1,5.20.100,+,antisense,4585217,TCACCAAAAAACTCCCAAATG,GTACTCACCAAAAAACTCCCAAATGCTGAATTAAAT,CTGAA,5,421,1023,41.2,,0,0,0,0,0,30,0,57,3,75,0,133,0,12,0,18,Azimuth_2.0,0.7012,17,43,1.0,1.0,10,3,0,Preselected
Slc25a53,3,10029,ENSCGRG00001021648,Slc25a53,ENSCGRT00001027660.1,,CRISPRko,CDS,scaffold_11,+,SaurCas9,5,1,1,5.20.100,-,antisense,42813545,ACTATCATAAGTGCCAAACAA,GGAGACTATCATAAGTGCCAAACAACAGAGTCCCTT,CAGAG,2,348,984,35.4,,0,0,0,0,0,16,0,29,0,45,0,101,0,1,0,7,Azimuth_2.0,0.8983,1,24,1.0,1.0,3,1,0,Preselected
Slc25a53,3,10029,ENSCGRG00001021648,Slc25a53,ENSCGRT00001027660.1,,CRISPRko,CDS,scaffold_11,+,SaurCas9,5,1,1,5.20.100,-,antisense,42813748,CGCCCCCAAAGCCCATAAGAA,CAGCCGCCCCCAAAGCCCATAAGAATTGAATTCCTT,TTGAA,2,551,984,56.0,,0,0,0,0,0,17,0,40,2,80,0,115,1,17,0,31,Azimuth_2.0,0.6652,23,25,1.0,1.0,5,2,0,Preselected
Slc25a53,3,10029,ENSCGRG00001021648,Slc25a53,ENSCGRT00001027660.1,,CRISPRko,CDS,scaffold_11,+,SaurCas9,5,1,1,5.20.100,+,sense,42813318,AAAGGACACGAGCAGAAGTTC,CAACAAAGGACACGAGCAGAAGTTCCAGGAAAGAAA,CAGGA,2,121,984,12.3,,0,0,0,0,0,12,0,19,1,17,0,40,0,3,0,3,Azimuth_2.0,0.5551,42,15,1.0,1.0,12,3,0,Preselected
Slc30a1,3,10029,ENSCGRG00001025069,Slc30a1,ENSCGRT00001032572.1,,CRISPRko,CDS,scaffold_1,-,SaurCas9,5,1,1,5.20.100,-,sense,3080487,GGCTGCACAGCTGAACATGCG,ACAGGGCTGCACAGCTGAACATGCGGGGAGTGTTTC,GGGAG,2,713,1506,47.3,,0,0,0,0,0,4,0,8,2,33,0,51,0,4,0,9,Azimuth_2.0,0.8901,4,13,1.0,1.0,1,1,0,Preselected
Slc30a1,3,10029,ENSCGRG00001025069,Slc30a1,ENSCGRT00001032572.1,,CRISPRko,CDS,scaffold_1,-,SaurCas9,5,1,1,5.20.100,-,sense,3080341,GTGATCCCTGCAGAACCTCCG,TTCCGTGATCCCTGCAGAACCTCCGTAGAGATCATC,TAGAG,2,859,1506,57.0,,0,0,0,0,0,1,0,6,6,14,0,30,0,5,0,14,Azimuth_2.0,0.6853,22,4,1.0,1.0,3,2,0,Preselected
Slc30a1,3,10029,ENSCGRG00001025069,Slc30a1,ENSCGRT00001032572.1,,CRISPRko,CDS,scaffold_1,-,SaurCas9,5,1,1,5.20.100,+,antisense,3082070,CCGGGTCCGCCTTGAGCCCGT,CCTGCCGGGTCCGCCTTGAGCCCGTTGGAATTGCTG,TGGAA,1,580,1506,38.5,,0,0,0,0,0,3,0,2,0,6,0,3,0,0,0,1,Azimuth_2.0,0.5664,57,7,1.0,1.0,11,3,0,Preselected
Slc35c1,3,10029,ENSCGRG00001019726,Slc35c1,ENSCGRT00001024879.1,,CRISPRko,CDS,scaffold_3,+,SaurCas9,5,1,1,5.20.100,-,antisense,60279598,TTGGTAGAAAGTGACGAAGAT,GGCATTGGTAGAAAGTGACGAAGATAGGGGTATCCA,AGGGG,1,225,1098,20.5,,0,0,0,0,0,6,0,22,9,55,0,75,1,12,0,17,Azimuth_2.0,0.7679,10,9,1.0,1.0,2,1,0,Preselected
Slc35c1,3,10029,ENSCGRG00001019726,Slc35c1,ENSCGRT00001024879.1,,CRISPRko,CDS,scaffold_3,+,SaurCas9,5,1,1,5.20.100,+,sense,60279786,TAACCTCTGCCTCAAGTACGT,TCAATAACCTCTGCCTCAAGTACGTAGGGGTGGCCT,AGGGG,1,413,1098,37.6,,0,0,0,0,0,3,0,7,5,26,0,49,2,20,0,39,Azimuth_2.0,0.6735,21,5,1.0,1.0,3,2,0,Preselected
Slc35c1,3,10029,ENSCGRG00001019726,Slc35c1,ENSCGRT00001024879.1,,CRISPRko,CDS,scaffold_3,+,SaurCas9,5,1,1,5.20.100,+,sense,60282713,TCTGCTACAGGTGGTTTCTGG,TCTGTCTGCTACAGGTGGTTTCTGGCTGGGTATAGA,CTGGG,2,546,1098,49.7,,0,0,0,0,0,35,0,76,0,35,0,89,0,4,0,8,Azimuth_2.0,0.7723,9,23,1.0,1.0,7,3,0,Preselected
UGP2,3,10029,ENSCGRG00001012845,UGP2,ENSCGRT00001015358.1,,CRISPRko,CDS,scaffold_21,-,SaurCas9,5,1,1,5.20.100,-,sense,14004592,TAAGGTATCCGAGGATTAATA,TTTTTAAGGTATCCGAGGATTAATAAGGAATCTTTA,AGGAA,6,589,1527,38.6,,0,0,0,0,0,2,0,12,0,5,0,31,0,0,0,2,Azimuth_2.0,0.7461,19,2,1.0,1.0,1,1,0,Preselected
UGP2,3,10029,ENSCGRG00001012845,UGP2,ENSCGRT00001015358.1,,CRISPRko,CDS,scaffold_21,-,SaurCas9,5,1,1,5.20.100,+,antisense,14004478,CTAGAAAGGTGTCGAGCAAGC,TCTTCTAGAAAGGTGTCGAGCAAGCCCGAGTTGTAG,CCGAG,6,703,1527,46.0,,0,0,0,0,0,11,0,10,0,17,0,41,0,4,0,4,Azimuth_2.0,0.8620,5,19,1.0,1.0,2,2,0,Preselected
UGP2,3,10029,ENSCGRG00001012845,UGP2,ENSCGRT00001015358.1,,CRISPRko,CDS,scaffold_21,-,SaurCas9,5,1,1,5.20.100,+,antisense,14004367,ATTCACAGCGTTTCCCATTGG,ACAAATTCACAGCGTTTCCCATTGGGTGGGTTCATT,GTGGG,6,814,1527,53.3,,0,0,0,0,0,16,0,31,2,20,0,53,0,1,0,3,Azimuth_2.0,0.8200,10,36,1.0,1.0,7,3,0,Preselected
Clasrp,3,10029,ENSCGRG00001015861,Clasrp,ENSCGRT00001019432.1,,CRISPRko,CDS,scaffold_63,+,SaurCas9,5,1,1,5.20.100,+,sense,1065865,TGAGGTCATCCCCGACATCGG,AAGATGAGGTCATCCCCGACATCGGTGGGGTCCCCT,TGGGG,7,611,2001,30.5,,0,0,0,0,0,2,0,1,1,6,0,5,1,0,0,2,Azimuth_2.0,0.8039,12,21,1.0,1.0,1,1,0,Preselected
Clasrp,3,10029,ENSCGRG00001015861,Clasrp,ENSCGRT00001019432.1,,CRISPRko,CDS,scaffold_63,+,SaurCas9,5,1,1,5.20.100,+,sense,1068230,GGCGTTCCCGGCGACAGCGAA,GGCCGGCGTTCCCGGCGACAGCGAAGAGAATTCAGG,GAGAA,10,811,2001,40.5,,0,0,0,0,0,2,0,3,1,4,0,12,0,0,0,4,Azimuth_2.0,0.8110,11,23,1.0,1.0,2,2,0,Preselected
Clasrp,3,10029,ENSCGRG00001015861,Clasrp,ENSCGRT00001019432.1,,CRISPRko,CDS,scaffold_63,+,SaurCas9,5,1,1,5.20.100,+,sense,1062673,GAAATGTAACTACGAGCGGTA,AGCGGAAATGTAACTACGAGCGGTACCGAGGCCTGG,CCGAG,5,344,2001,17.2,,0,0,0,0,0,0,0,2,0,10,0,10,0,1,0,0,Azimuth_2.0,0.6065,59,12,1.0,1.0,6,3,0,Preselected
Gabrb2,3,10029,ENSCGRG00001006669,Gabrb2,ENSCGRT00001007837.1,,CRISPRko,CDS,scaffold_4,+,SaurCas9,5,1,1,5.20.100,+,sense,56893466,AAGCCATCGACATGTACCTAA,GTAAAAGCCATCGACATGTACCTAATGGGGTGCTTT,TGGGG,8,925,1539,60.1,,0,0,0,0,0,5,0,8,1,8,0,16,0,0,0,0,Azimuth_2.0,0.8426,4,17,1.0,1.0,2,1,0,Preselected
Gabrb2,3,10029,ENSCGRG00001006669,Gabrb2,ENSCGRT00001007837.1,,CRISPRko,CDS,scaffold_4,+,SaurCas9,5,1,1,5.20.100,+,sense,56887237,ATGGATACACAACTGACGACA,ACAGATGGATACACAACTGACGACATTGAGTTTTAC,TTGAG,6,559,1539,36.3,,0,0,0,0,0,7,0,13,0,30,0,90,0,6,0,21,Azimuth_2.0,0.8343,7,27,1.0,1.0,4,2,0,Preselected
Gabrb2,3,10029,ENSCGRG00001006669,Gabrb2,ENSCGRT00001007837.1,,CRISPRko,CDS,scaffold_4,+,SaurCas9,5,1,1,5.20.100,+,sense,56731608,TTGAAAGGCTATGACATTCGC,ACTGTTGAAAGGCTATGACATTCGCCTGAGACCAGA,CTGAG,2,147,1539,9.6,,0,0,0,0,0,4,0,9,3,20,0,55,0,12,0,20,Azimuth_2.0,0.6164,54,13,1.0,1.0,11,3,0,Preselected
Vps35l,3,10029,ENSCGRG00001022451,Vps35l,ENSCGRT00001028864.1,,CRISPRko,CDS,scaffold_9,+,SaurCas9,5,1,1,5.20.100,-,antisense,12893923,GGAGTCCTCAAATGCTCGATC,GGTAGGAGTCCTCAAATGCTCGATCCGGAGTCATGT,CGGAG,19,1737,3048,57.0,,0,0,0,0,0,1,0,2,1,10,0,20,0,2,0,2,Azimuth_2.0,0.8860,5,16,1.0,1.0,1,1,0,Preselected
Vps35l,3,10029,ENSCGRG00001022451,Vps35l,ENSCGRT00001028864.1,,CRISPRko,CDS,scaffold_9,+,SaurCas9,5,1,1,5.20.100,-,antisense,12860527,GCAGTACTTACCGAACGTATC,GGCTGCAGTACTTACCGAACGTATCGAGGATGTCGG,GAGGA,8,846,3048,27.8,,0,0,0,0,0,0,0,0,0,3,0,2,0,0,0,1,Azimuth_2.0,0.6723,72,1,1.0,1.0,3,2,0,Preselected
Vps35l,3,10029,ENSCGRG00001022451,Vps35l,ENSCGRT00001028864.1,,CRISPRko,CDS,scaffold_9,+,SaurCas9,5,1,1,5.20.100,-,antisense,12848583,CACTGCTCAGAGGGTCGACCA,AGGACACTGCTCAGAGGGTCGACCACAGAGCTGGAA,CAGAG,3,325,3048,10.7,,0,0,0,0,0,1,0,4,0,11,0,27,0,5,0,13,Azimuth_2.0,0.6974,62,21,1.0,1.0,5,3,0,Preselected
Ccdc93,3,10029,ENSCGRG00001019734,Ccdc93,ENSCGRT00001024902.1,,CRISPRko,CDS,scaffold_1,-,SaurCas9,5,1,1,5.20.100,+,antisense,66759034,ACCTGCCATATTCCAAAAGCG,CCGTACCTGCCATATTCCAAAAGCGTGGAGTGGACT,TGGAG,7,604,1884,32.1,,0,0,0,0,0,4,0,6,2,20,0,50,0,1,0,12,Azimuth_2.0,0.8175,15,14,1.0,1.0,4,1,0,Preselected
Ccdc93,3,10029,ENSCGRG00001019734,Ccdc93,ENSCGRT00001024902.1,,CRISPRko,CDS,scaffold_1,-,SaurCas9,5,1,1,5.20.100,+,antisense,66752453,ATCTGGCCCACGGAGCTTGCA,CACGATCTGGCCCACGGAGCTTGCAGTGAGGCGGCT,GTGAG,11,815,1884,43.3,,0,0,0,0,0,8,0,14,2,25,0,33,1,1,0,5,Azimuth_2.0,0.7675,20,33,1.0,1.0,6,2,0,Preselected
Ccdc93,3,10029,ENSCGRG00001019734,Ccdc93,ENSCGRT00001024902.1,,CRISPRko,CDS,scaffold_1,-,SaurCas9,5,1,1,5.20.100,-,sense,66733583,AGCCAAAGCTGACCCGAGGTA,TAGAAGCCAAAGCTGACCCGAGGTAAGGGGTTTCTG,AGGGG,14,1142,1884,60.6,,0,0,0,0,0,14,0,29,1,59,0,153,0,10,0,9,Azimuth_2.0,0.8234,14,47,1.0,1.0,7,3,0,Preselected
